Connection ID,Timestamp,Client Address,Message
1,2024-08-05 12:36:32,"('127.0.0.1', 59986)","GET / HTTP/1.1
Host: localhost:8000
Connection: keep-alive
sec-ch-ua: ""Not)A;Brand"";v=""99"", ""Google Chrome"";v=""127"", ""Chromium"";v=""127""
sec-ch-ua-mobile: ?0
sec-ch-ua-platform: ""Windows""
Upgrade-Insecure-Requests: 1
User-Agent: Mozilla/5.0 (Windows NT 10.0; Win64; x64) AppleWebKit/537.36 (KHTML, like Gecko) Chrome/127.0.0.0 Safari/537.36
Accept: text/html,application/xhtml+xml,application/xml;q=0.9,image/avif,image/webp,image/apng,*/*;q=0.8,application/signed-exchange;v=b3;q=0.7
Sec-Fetch-Site: none
Sec-Fetch-Mode: navigate
Sec-Fetch-User: ?1
Sec-Fetch-Dest: document
Accept-Encoding: gzip, deflate, br, zstd
Accept-Language: en-US,en;q=0.9

"
1,2024-08-05 12:36:32,"('127.0.0.1', 59986)",
2,2024-08-05 12:36:33,"('127.0.0.1', 59987)","GET / HTTP/1.1
Host: localhost:8000
Connection: keep-alive
Cache-Control: max-age=0
sec-ch-ua: ""Not)A;Brand"";v=""99"", ""Google Chrome"";v=""127"", ""Chromium"";v=""127""
sec-ch-ua-mobile: ?0
sec-ch-ua-platform: ""Windows""
Upgrade-Insecure-Requests: 1
User-Agent: Mozilla/5.0 (Windows NT 10.0; Win64; x64) AppleWebKit/537.36 (KHTML, like Gecko) Chrome/127.0.0.0 Safari/537.36
Accept: text/html,application/xhtml+xml,application/xml;q=0.9,image/avif,image/webp,image/apng,*/*;q=0.8,application/signed-exchange;v=b3;q=0.7
Sec-Fetch-Site: none
Sec-Fetch-Mode: navigate
Sec-Fetch-User: ?1
Sec-Fetch-Dest: document
Accept-Encoding: gzip, deflate, br, zstd
Accept-Language: en-US,en;q=0.9

"
2,2024-08-05 12:36:33,"('127.0.0.1', 59987)",
3,2024-08-05 12:36:38,"('127.0.0.1', 59997)","GET / HTTP/1.1
Host: localhost:8000
Connection: keep-alive
Cache-Control: max-age=0
sec-ch-ua: ""Not)A;Brand"";v=""99"", ""Google Chrome"";v=""127"", ""Chromium"";v=""127""
sec-ch-ua-mobile: ?0
sec-ch-ua-platform: ""Windows""
Upgrade-Insecure-Requests: 1
User-Agent: Mozilla/5.0 (Windows NT 10.0; Win64; x64) AppleWebKit/537.36 (KHTML, like Gecko) Chrome/127.0.0.0 Safari/537.36
Accept: text/html,application/xhtml+xml,application/xml;q=0.9,image/avif,image/webp,image/apng,*/*;q=0.8,application/signed-exchange;v=b3;q=0.7
Sec-Fetch-Site: none
Sec-Fetch-Mode: navigate
Sec-Fetch-User: ?1
Sec-Fetch-Dest: document
Accept-Encoding: gzip, deflate, br, zstd
Accept-Language: en-US,en;q=0.9

"
3,2024-08-05 12:36:38,"('127.0.0.1', 59997)",
2,2024-08-05 12:39:28,"('127.0.0.1', 60797)",Motion detected!
3,2024-08-05 12:39:28,"('127.0.0.1', 60798)",Motion detected!
1,2024-08-05 12:39:28,"('127.0.0.1', 60796)",Motion detected!
4,2024-08-05 12:39:28,"('127.0.0.1', 60799)",Motion detected!
5,2024-08-05 12:39:28,"('127.0.0.1', 60800)",Motion detected!
6,2024-08-05 12:39:28,"('127.0.0.1', 60801)",Motion detected!
7,2024-08-05 12:39:28,"('127.0.0.1', 60802)",Motion detected!
8,2024-08-05 12:39:28,"('127.0.0.1', 60803)",Motion detected!
9,2024-08-05 12:39:28,"('127.0.0.1', 60804)",Motion detected!
10,2024-08-05 12:39:28,"('127.0.0.1', 60805)",Motion detected!
6,2024-08-05 12:39:29,"('127.0.0.1', 60801)",Motion detected!
4,2024-08-05 12:39:29,"('127.0.0.1', 60799)",Motion detected!
1,2024-08-05 12:39:29,"('127.0.0.1', 60796)",Motion detected!
9,2024-08-05 12:39:29,"('127.0.0.1', 60804)",Motion detected!
8,2024-08-05 12:39:29,"('127.0.0.1', 60803)",Motion detected!
3,2024-08-05 12:39:29,"('127.0.0.1', 60798)",Motion detected!
7,2024-08-05 12:39:29,"('127.0.0.1', 60802)",Motion detected!
10,2024-08-05 12:39:29,"('127.0.0.1', 60805)",Motion detected!
3,2024-08-05 12:39:30,"('127.0.0.1', 60798)",Motion detected!
4,2024-08-05 12:39:30,"('127.0.0.1', 60799)",Motion detected!
6,2024-08-05 12:39:30,"('127.0.0.1', 60801)",Motion detected!
9,2024-08-05 12:39:30,"('127.0.0.1', 60804)",Motion detected!
8,2024-08-05 12:39:30,"('127.0.0.1', 60803)",Motion detected!
7,2024-08-05 12:39:30,"('127.0.0.1', 60802)",Motion detected!
5,2024-08-05 12:39:30,"('127.0.0.1', 60800)",Motion detected!
2,2024-08-05 12:39:30,"('127.0.0.1', 60797)",Motion detected!
1,2024-08-05 12:39:30,"('127.0.0.1', 60796)",Motion detected!
10,2024-08-05 12:39:30,"('127.0.0.1', 60805)",Motion detected!
1,2024-08-05 12:39:31,"('127.0.0.1', 60796)",Motion detected!
3,2024-08-05 12:39:31,"('127.0.0.1', 60798)",Motion detected!
6,2024-08-05 12:39:31,"('127.0.0.1', 60801)",Motion detected!
7,2024-08-05 12:39:31,"('127.0.0.1', 60802)",Motion detected!
2,2024-08-05 12:39:31,"('127.0.0.1', 60797)",Motion detected!
4,2024-08-05 12:39:31,"('127.0.0.1', 60799)",Motion detected!
9,2024-08-05 12:39:31,"('127.0.0.1', 60804)",Motion detected!
5,2024-08-05 12:39:31,"('127.0.0.1', 60800)",Motion detected!
10,2024-08-05 12:39:31,"('127.0.0.1', 60805)",Motion detected!
6,2024-08-05 12:39:32,"('127.0.0.1', 60801)",Motion detected!
3,2024-08-05 12:39:32,"('127.0.0.1', 60798)",Motion detected!
4,2024-08-05 12:39:32,"('127.0.0.1', 60799)",Motion detected!
1,2024-08-05 12:39:32,"('127.0.0.1', 60796)",Motion detected!
5,2024-08-05 12:39:32,"('127.0.0.1', 60800)",Motion detected!
7,2024-08-05 12:39:32,"('127.0.0.1', 60802)",Motion detected!
2,2024-08-05 12:39:32,"('127.0.0.1', 60797)",Motion detected!
8,2024-08-05 12:39:32,"('127.0.0.1', 60803)",Motion detected!
9,2024-08-05 12:39:32,"('127.0.0.1', 60804)",Motion detected!
10,2024-08-05 12:39:32,"('127.0.0.1', 60805)",Motion detected!
2,2024-08-05 12:39:33,"('127.0.0.1', 60797)",Motion detected!
9,2024-08-05 12:39:33,"('127.0.0.1', 60804)",Motion detected!
8,2024-08-05 12:39:33,"('127.0.0.1', 60803)",Motion detected!
7,2024-08-05 12:39:33,"('127.0.0.1', 60802)",Motion detected!
3,2024-08-05 12:39:33,"('127.0.0.1', 60798)",Motion detected!
6,2024-08-05 12:39:33,"('127.0.0.1', 60801)",Motion detected!
5,2024-08-05 12:39:33,"('127.0.0.1', 60800)",Motion detected!
1,2024-08-05 12:39:33,"('127.0.0.1', 60796)",Motion detected!
10,2024-08-05 12:39:33,"('127.0.0.1', 60805)",Motion detected!
3,2024-08-05 12:39:34,"('127.0.0.1', 60798)",Motion detected!
6,2024-08-05 12:39:34,"('127.0.0.1', 60801)",Motion detected!
2,2024-08-05 12:39:34,"('127.0.0.1', 60797)",Motion detected!
8,2024-08-05 12:39:34,"('127.0.0.1', 60803)",Motion detected!
7,2024-08-05 12:39:34,"('127.0.0.1', 60802)",Motion detected!
4,2024-08-05 12:39:34,"('127.0.0.1', 60799)",Motion detected!
1,2024-08-05 12:39:34,"('127.0.0.1', 60796)",Motion detected!
5,2024-08-05 12:39:34,"('127.0.0.1', 60800)",Motion detected!
9,2024-08-05 12:39:34,"('127.0.0.1', 60804)",Motion detected!
10,2024-08-05 12:39:34,"('127.0.0.1', 60805)",Motion detected!
9,2024-08-05 12:39:35,"('127.0.0.1', 60804)",Motion detected!
4,2024-08-05 12:39:35,"('127.0.0.1', 60799)",Motion detected!
8,2024-08-05 12:39:35,"('127.0.0.1', 60803)",Motion detected!
7,2024-08-05 12:39:35,"('127.0.0.1', 60802)",Motion detected!
6,2024-08-05 12:39:35,"('127.0.0.1', 60801)",Motion detected!
2,2024-08-05 12:39:35,"('127.0.0.1', 60797)",Motion detected!
3,2024-08-05 12:39:35,"('127.0.0.1', 60798)",Motion detected!
1,2024-08-05 12:39:35,"('127.0.0.1', 60796)",Motion detected!
10,2024-08-05 12:39:35,"('127.0.0.1', 60805)",Motion detected!
7,2024-08-05 12:39:36,"('127.0.0.1', 60802)",Motion detected!
8,2024-08-05 12:39:36,"('127.0.0.1', 60803)",Motion detected!
9,2024-08-05 12:39:36,"('127.0.0.1', 60804)",Motion detected!
6,2024-08-05 12:39:36,"('127.0.0.1', 60801)",Motion detected!
4,2024-08-05 12:39:36,"('127.0.0.1', 60799)",Motion detected!
3,2024-08-05 12:39:36,"('127.0.0.1', 60798)",Motion detected!
1,2024-08-05 12:39:36,"('127.0.0.1', 60796)",Motion detected!
5,2024-08-05 12:39:36,"('127.0.0.1', 60800)",Motion detected!
2,2024-08-05 12:39:36,"('127.0.0.1', 60797)",Motion detected!
10,2024-08-05 12:39:36,"('127.0.0.1', 60805)",Motion detected!
4,2024-08-05 12:39:37,"('127.0.0.1', 60799)",Motion detected!
1,2024-08-05 12:39:37,"('127.0.0.1', 60796)",Motion detected!
7,2024-08-05 12:39:37,"('127.0.0.1', 60802)",Motion detected!
9,2024-08-05 12:39:37,"('127.0.0.1', 60804)",Motion detected!
6,2024-08-05 12:39:37,"('127.0.0.1', 60801)",Motion detected!
8,2024-08-05 12:39:37,"('127.0.0.1', 60803)",Motion detected!
5,2024-08-05 12:39:37,"('127.0.0.1', 60800)",Motion detected!
3,2024-08-05 12:39:37,"('127.0.0.1', 60798)",Motion detected!
10,2024-08-05 12:39:37,"('127.0.0.1', 60805)",Motion detected!
9,2024-08-05 12:39:38,"('127.0.0.1', 60804)",Motion detected!
8,2024-08-05 12:39:38,"('127.0.0.1', 60803)",Motion detected!
5,2024-08-05 12:39:38,"('127.0.0.1', 60800)",Motion detected!
6,2024-08-05 12:39:38,"('127.0.0.1', 60801)",Motion detected!
1,2024-08-05 12:39:38,"('127.0.0.1', 60796)",Motion detected!
7,2024-08-05 12:39:38,"('127.0.0.1', 60802)",Motion detected!
3,2024-08-05 12:39:38,"('127.0.0.1', 60798)",Motion detected!
2,2024-08-05 12:39:38,"('127.0.0.1', 60797)",Motion detected!
4,2024-08-05 12:39:38,"('127.0.0.1', 60799)",Motion detected!
10,2024-08-05 12:39:38,"('127.0.0.1', 60805)",Motion detected!
6,2024-08-05 12:39:39,"('127.0.0.1', 60801)",Motion detected!
3,2024-08-05 12:39:39,"('127.0.0.1', 60798)",Motion detected!
9,2024-08-05 12:39:39,"('127.0.0.1', 60804)",Motion detected!
7,2024-08-05 12:39:39,"('127.0.0.1', 60802)",Motion detected!
5,2024-08-05 12:39:39,"('127.0.0.1', 60800)",Motion detected!
2,2024-08-05 12:39:39,"('127.0.0.1', 60797)",Motion detected!
4,2024-08-05 12:39:39,"('127.0.0.1', 60799)",Motion detected!
1,2024-08-05 12:39:39,"('127.0.0.1', 60796)",Motion detected!
8,2024-08-05 12:39:39,"('127.0.0.1', 60803)",Motion detected!
10,2024-08-05 12:39:39,"('127.0.0.1', 60805)",Motion detected!
4,2024-08-05 12:39:40,"('127.0.0.1', 60799)",Motion detected!
8,2024-08-05 12:39:40,"('127.0.0.1', 60803)",Motion detected!
6,2024-08-05 12:39:40,"('127.0.0.1', 60801)",Motion detected!
7,2024-08-05 12:39:40,"('127.0.0.1', 60802)",Motion detected!
9,2024-08-05 12:39:40,"('127.0.0.1', 60804)",Motion detected!
2,2024-08-05 12:39:40,"('127.0.0.1', 60797)",Motion detected!
5,2024-08-05 12:39:40,"('127.0.0.1', 60800)",Motion detected!
3,2024-08-05 12:39:40,"('127.0.0.1', 60798)",Motion detected!
1,2024-08-05 12:39:40,"('127.0.0.1', 60796)",Motion detected!
10,2024-08-05 12:39:40,"('127.0.0.1', 60805)",Motion detected!
2,2024-08-05 12:39:41,"('127.0.0.1', 60797)",Motion detected!
1,2024-08-05 12:39:41,"('127.0.0.1', 60796)",Motion detected!
5,2024-08-05 12:39:41,"('127.0.0.1', 60800)",Motion detected!
7,2024-08-05 12:39:41,"('127.0.0.1', 60802)",Motion detected!
8,2024-08-05 12:39:41,"('127.0.0.1', 60803)",Motion detected!
3,2024-08-05 12:39:41,"('127.0.0.1', 60798)",Motion detected!
4,2024-08-05 12:39:41,"('127.0.0.1', 60799)",Motion detected!
9,2024-08-05 12:39:41,"('127.0.0.1', 60804)",Motion detected!
6,2024-08-05 12:39:41,"('127.0.0.1', 60801)",Motion detected!
10,2024-08-05 12:39:41,"('127.0.0.1', 60805)",Motion detected!
9,2024-08-05 12:39:42,"('127.0.0.1', 60804)",Motion detected!
8,2024-08-05 12:39:42,"('127.0.0.1', 60803)",Motion detected!
4,2024-08-05 12:39:42,"('127.0.0.1', 60799)",Motion detected!
7,2024-08-05 12:39:42,"('127.0.0.1', 60802)",Motion detected!
5,2024-08-05 12:39:42,"('127.0.0.1', 60800)",Motion detected!
2,2024-08-05 12:39:42,"('127.0.0.1', 60797)",Motion detected!
1,2024-08-05 12:39:42,"('127.0.0.1', 60796)",Motion detected!
3,2024-08-05 12:39:42,"('127.0.0.1', 60798)",Motion detected!
6,2024-08-05 12:39:42,"('127.0.0.1', 60801)",Motion detected!
10,2024-08-05 12:39:42,"('127.0.0.1', 60805)",Motion detected!
7,2024-08-05 12:39:43,"('127.0.0.1', 60802)",Motion detected!
4,2024-08-05 12:39:43,"('127.0.0.1', 60799)",Motion detected!
1,2024-08-05 12:39:43,"('127.0.0.1', 60796)",Motion detected!
5,2024-08-05 12:39:43,"('127.0.0.1', 60800)",Motion detected!
9,2024-08-05 12:39:43,"('127.0.0.1', 60804)",Motion detected!
8,2024-08-05 12:39:43,"('127.0.0.1', 60803)",Motion detected!
3,2024-08-05 12:39:43,"('127.0.0.1', 60798)",Motion detected!
2,2024-08-05 12:39:43,"('127.0.0.1', 60797)",Motion detected!
6,2024-08-05 12:39:43,"('127.0.0.1', 60801)",Motion detected!
10,2024-08-05 12:39:43,"('127.0.0.1', 60805)",Motion detected!
4,2024-08-05 12:39:44,"('127.0.0.1', 60799)",Motion detected!
9,2024-08-05 12:39:44,"('127.0.0.1', 60804)",Motion detected!
8,2024-08-05 12:39:44,"('127.0.0.1', 60803)",Motion detected!
7,2024-08-05 12:39:44,"('127.0.0.1', 60802)",Motion detected!
1,2024-08-05 12:39:44,"('127.0.0.1', 60796)",Motion detected!
5,2024-08-05 12:39:44,"('127.0.0.1', 60800)",Motion detected!
6,2024-08-05 12:39:44,"('127.0.0.1', 60801)",Motion detected!
2,2024-08-05 12:39:44,"('127.0.0.1', 60797)",Motion detected!
3,2024-08-05 12:39:44,"('127.0.0.1', 60798)",Motion detected!
10,2024-08-05 12:39:44,"('127.0.0.1', 60805)",Motion detected!
7,2024-08-05 12:39:45,"('127.0.0.1', 60802)",Motion detected!
4,2024-08-05 12:39:45,"('127.0.0.1', 60799)",Motion detected!
5,2024-08-05 12:39:45,"('127.0.0.1', 60800)",Motion detected!
1,2024-08-05 12:39:45,"('127.0.0.1', 60796)",Motion detected!
9,2024-08-05 12:39:45,"('127.0.0.1', 60804)",Motion detected!
8,2024-08-05 12:39:45,"('127.0.0.1', 60803)",Motion detected!
6,2024-08-05 12:39:45,"('127.0.0.1', 60801)",Motion detected!
2,2024-08-05 12:39:45,"('127.0.0.1', 60797)",Motion detected!
3,2024-08-05 12:39:45,"('127.0.0.1', 60798)",Motion detected!
10,2024-08-05 12:39:45,"('127.0.0.1', 60805)",Motion detected!
9,2024-08-05 12:39:46,"('127.0.0.1', 60804)",Motion detected!
1,2024-08-05 12:39:46,"('127.0.0.1', 60796)",Motion detected!
7,2024-08-05 12:39:46,"('127.0.0.1', 60802)",Motion detected!
8,2024-08-05 12:39:46,"('127.0.0.1', 60803)",Motion detected!
5,2024-08-05 12:39:46,"('127.0.0.1', 60800)",Motion detected!
2,2024-08-05 12:39:46,"('127.0.0.1', 60797)",Motion detected!
6,2024-08-05 12:39:46,"('127.0.0.1', 60801)",Motion detected!
10,2024-08-05 12:39:46,"('127.0.0.1', 60805)",Motion detected!
1,2024-08-05 12:39:47,"('127.0.0.1', 60796)",Motion detected!
8,2024-08-05 12:39:47,"('127.0.0.1', 60803)",Motion detected!
9,2024-08-05 12:39:47,"('127.0.0.1', 60804)",Motion detected!
7,2024-08-05 12:39:47,"('127.0.0.1', 60802)",Motion detected!
4,2024-08-05 12:39:47,"('127.0.0.1', 60799)",Motion detected!
5,2024-08-05 12:39:47,"('127.0.0.1', 60800)",Motion detected!
6,2024-08-05 12:39:47,"('127.0.0.1', 60801)",Motion detected!
2,2024-08-05 12:39:47,"('127.0.0.1', 60797)",Motion detected!
3,2024-08-05 12:39:47,"('127.0.0.1', 60798)",Motion detected!
10,2024-08-05 12:39:47,"('127.0.0.1', 60805)",Motion detected!
9,2024-08-05 12:39:48,"('127.0.0.1', 60804)",Motion detected!
4,2024-08-05 12:39:48,"('127.0.0.1', 60799)",Motion detected!
1,2024-08-05 12:39:48,"('127.0.0.1', 60796)",Motion detected!
8,2024-08-05 12:39:48,"('127.0.0.1', 60803)",Motion detected!
5,2024-08-05 12:39:48,"('127.0.0.1', 60800)",Motion detected!
7,2024-08-05 12:39:48,"('127.0.0.1', 60802)",Motion detected!
2,2024-08-05 12:39:48,"('127.0.0.1', 60797)",Motion detected!
3,2024-08-05 12:39:48,"('127.0.0.1', 60798)",Motion detected!
6,2024-08-05 12:39:48,"('127.0.0.1', 60801)",Motion detected!
10,2024-08-05 12:39:48,"('127.0.0.1', 60805)",Motion detected!
8,2024-08-05 12:39:49,"('127.0.0.1', 60803)",Motion detected!
7,2024-08-05 12:39:49,"('127.0.0.1', 60802)",Motion detected!
4,2024-08-05 12:39:49,"('127.0.0.1', 60799)",Motion detected!
1,2024-08-05 12:39:49,"('127.0.0.1', 60796)",Motion detected!
5,2024-08-05 12:39:49,"('127.0.0.1', 60800)",Motion detected!
9,2024-08-05 12:39:49,"('127.0.0.1', 60804)",Motion detected!
3,2024-08-05 12:39:49,"('127.0.0.1', 60798)",Motion detected!
2,2024-08-05 12:39:49,"('127.0.0.1', 60797)",Motion detected!
6,2024-08-05 12:39:49,"('127.0.0.1', 60801)",Motion detected!
10,2024-08-05 12:39:49,"('127.0.0.1', 60805)",Motion detected!
5,2024-08-05 12:39:50,"('127.0.0.1', 60800)",Motion detected!
4,2024-08-05 12:39:50,"('127.0.0.1', 60799)",Motion detected!
1,2024-08-05 12:39:50,"('127.0.0.1', 60796)",Motion detected!
7,2024-08-05 12:39:50,"('127.0.0.1', 60802)",Motion detected!
9,2024-08-05 12:39:50,"('127.0.0.1', 60804)",Motion detected!
8,2024-08-05 12:39:50,"('127.0.0.1', 60803)",Motion detected!
6,2024-08-05 12:39:50,"('127.0.0.1', 60801)",Motion detected!
3,2024-08-05 12:39:50,"('127.0.0.1', 60798)",Motion detected!
2,2024-08-05 12:39:50,"('127.0.0.1', 60797)",Motion detected!
10,2024-08-05 12:39:50,"('127.0.0.1', 60805)",Motion detected!
9,2024-08-05 12:39:51,"('127.0.0.1', 60804)",Motion detected!
5,2024-08-05 12:39:51,"('127.0.0.1', 60800)",Motion detected!
1,2024-08-05 12:39:51,"('127.0.0.1', 60796)",Motion detected!
4,2024-08-05 12:39:51,"('127.0.0.1', 60799)",Motion detected!
7,2024-08-05 12:39:51,"('127.0.0.1', 60802)",Motion detected!
8,2024-08-05 12:39:51,"('127.0.0.1', 60803)",Motion detected!
3,2024-08-05 12:39:51,"('127.0.0.1', 60798)",Motion detected!
2,2024-08-05 12:39:51,"('127.0.0.1', 60797)",Motion detected!
6,2024-08-05 12:39:51,"('127.0.0.1', 60801)",Motion detected!
10,2024-08-05 12:39:51,"('127.0.0.1', 60805)",Motion detected!
8,2024-08-05 12:39:52,"('127.0.0.1', 60803)",Motion detected!
7,2024-08-05 12:39:52,"('127.0.0.1', 60802)",Motion detected!
9,2024-08-05 12:39:52,"('127.0.0.1', 60804)",Motion detected!
1,2024-08-05 12:39:52,"('127.0.0.1', 60796)",Motion detected!
4,2024-08-05 12:39:52,"('127.0.0.1', 60799)",Motion detected!
5,2024-08-05 12:39:52,"('127.0.0.1', 60800)",Motion detected!
6,2024-08-05 12:39:52,"('127.0.0.1', 60801)",Motion detected!
2,2024-08-05 12:39:52,"('127.0.0.1', 60797)",Motion detected!
10,2024-08-05 12:39:52,"('127.0.0.1', 60805)",Motion detected!
5,2024-08-05 12:39:53,"('127.0.0.1', 60800)",Motion detected!
8,2024-08-05 12:39:53,"('127.0.0.1', 60803)",Motion detected!
4,2024-08-05 12:39:53,"('127.0.0.1', 60799)",Motion detected!
7,2024-08-05 12:39:53,"('127.0.0.1', 60802)",Motion detected!
1,2024-08-05 12:39:53,"('127.0.0.1', 60796)",Motion detected!
3,2024-08-05 12:39:53,"('127.0.0.1', 60798)",Motion detected!
6,2024-08-05 12:39:53,"('127.0.0.1', 60801)",Motion detected!
10,2024-08-05 12:39:53,"('127.0.0.1', 60805)",Motion detected!
7,2024-08-05 12:39:54,"('127.0.0.1', 60802)",Motion detected!
3,2024-08-05 12:39:54,"('127.0.0.1', 60798)",Motion detected!
2,2024-08-05 12:39:54,"('127.0.0.1', 60797)",Motion detected!
6,2024-08-05 12:39:54,"('127.0.0.1', 60801)",Motion detected!
8,2024-08-05 12:39:54,"('127.0.0.1', 60803)",Motion detected!
1,2024-08-05 12:39:54,"('127.0.0.1', 60796)",Motion detected!
10,2024-08-05 12:39:54,"('127.0.0.1', 60805)",Motion detected!
4,2024-08-05 12:39:54,"('127.0.0.1', 60799)",Motion detected!
5,2024-08-05 12:39:54,"('127.0.0.1', 60800)",Motion detected!
9,2024-08-05 12:39:54,"('127.0.0.1', 60804)",Motion detected!
8,2024-08-05 12:39:55,"('127.0.0.1', 60803)",Motion detected!
4,2024-08-05 12:39:55,"('127.0.0.1', 60799)",Motion detected!
7,2024-08-05 12:39:55,"('127.0.0.1', 60802)",Motion detected!
3,2024-08-05 12:39:55,"('127.0.0.1', 60798)",Motion detected!
6,2024-08-05 12:39:55,"('127.0.0.1', 60801)",Motion detected!
5,2024-08-05 12:39:55,"('127.0.0.1', 60800)",Motion detected!
2,2024-08-05 12:39:55,"('127.0.0.1', 60797)",Motion detected!
9,2024-08-05 12:39:55,"('127.0.0.1', 60804)",Motion detected!

1,2024-08-05 12:39:56,"('127.0.0.1', 60796)",Motion detected!
8,2024-08-05 12:39:56,"('127.0.0.1', 60803)",Motion detected!
3,2024-08-05 12:39:56,"('127.0.0.1', 60798)",Motion detected!
6,2024-08-05 12:39:56,"('127.0.0.1', 60801)",Motion detected!
4,2024-08-05 12:39:56,"('127.0.0.1', 60799)",Motion detected!
2,2024-08-05 12:39:56,"('127.0.0.1', 60797)",Motion detected!
10,2024-08-05 12:39:56,"('127.0.0.1', 60805)",Motion detected!
7,2024-08-05 12:39:56,"('127.0.0.1', 60802)",Motion detected!
9,2024-08-05 12:39:56,"('127.0.0.1', 60804)",Motion detected!
5,2024-08-05 12:39:56,"('127.0.0.1', 60800)",Motion detected!
8,2024-08-05 12:39:57,"('127.0.0.1', 60803)",Motion detected!
6,2024-08-05 12:39:57,"('127.0.0.1', 60801)",Motion detected!
4,2024-08-05 12:39:57,"('127.0.0.1', 60799)",Motion detected!
5,2024-08-05 12:39:57,"('127.0.0.1', 60800)",Motion detected!
7,2024-08-05 12:39:57,"('127.0.0.1', 60802)",Motion detected!
1,2024-08-05 12:39:57,"('127.0.0.1', 60796)",Motion detected!
9,2024-08-05 12:39:57,"('127.0.0.1', 60804)",Motion detected!
3,2024-08-05 12:39:57,"('127.0.0.1', 60798)",Motion detected!
10,2024-08-05 12:39:57,"('127.0.0.1', 60805)",Motion detected!
2,2024-08-05 12:39:57,"('127.0.0.1', 60797)",Motion detected!
7,2024-08-05 12:39:58,"('127.0.0.1', 60802)",Motion detected!
3,2024-08-05 12:39:58,"('127.0.0.1', 60798)",Motion detected!
2,2024-08-05 12:39:58,"('127.0.0.1', 60797)",Motion detected!
10,2024-08-05 12:39:58,"('127.0.0.1', 60805)",Motion detected!
9,2024-08-05 12:39:58,"('127.0.0.1', 60804)",Motion detected!
5,2024-08-05 12:39:58,"('127.0.0.1', 60800)",Motion detected!
1,2024-08-05 12:39:58,"('127.0.0.1', 60796)",Motion detected!
6,2024-08-05 12:39:58,"('127.0.0.1', 60801)",Motion detected!
4,2024-08-05 12:39:58,"('127.0.0.1', 60799)",Motion detected!
8,2024-08-05 12:39:58,"('127.0.0.1', 60803)",Motion detected!
4,2024-08-05 12:39:59,"('127.0.0.1', 60799)",Motion detected!
3,2024-08-05 12:39:59,"('127.0.0.1', 60798)",Motion detected!
1,2024-08-05 12:39:59,"('127.0.0.1', 60796)",Motion detected!
6,2024-08-05 12:39:59,"('127.0.0.1', 60801)",Motion detected!
5,2024-08-05 12:39:59,"('127.0.0.1', 60800)",Motion detected!
7,2024-08-05 12:39:59,"('127.0.0.1', 60802)",Motion detected!
9,2024-08-05 12:39:59,"('127.0.0.1', 60804)",Motion detected!
10,2024-08-05 12:39:59,"('127.0.0.1', 60805)",Motion detected!
2,2024-08-05 12:39:59,"('127.0.0.1', 60797)",Motion detected!
8,2024-08-05 12:39:59,"('127.0.0.1', 60803)",Motion detected!
1,2024-08-05 12:40:00,"('127.0.0.1', 60796)",Motion detected!
5,2024-08-05 12:40:00,"('127.0.0.1', 60800)",Motion detected!
7,2024-08-05 12:40:00,"('127.0.0.1', 60802)",Motion detected!
4,2024-08-05 12:40:00,"('127.0.0.1', 60799)",Motion detected!
3,2024-08-05 12:40:00,"('127.0.0.1', 60798)",Motion detected!
10,2024-08-05 12:40:00,"('127.0.0.1', 60805)",Motion detected!
2,2024-08-05 12:40:00,"('127.0.0.1', 60797)",Motion detected!
9,2024-08-05 12:40:00,"('127.0.0.1', 60804)",Motion detected!
6,2024-08-05 12:40:00,"('127.0.0.1', 60801)",Motion detected!
4,2024-08-05 12:40:01,"('127.0.0.1', 60799)",Motion detected!
10,2024-08-05 12:40:01,"('127.0.0.1', 60805)",Motion detected!
6,2024-08-05 12:40:01,"('127.0.0.1', 60801)",Motion detected!
3,2024-08-05 12:40:01,"('127.0.0.1', 60798)",Motion detected!
2,2024-08-05 12:40:01,"('127.0.0.1', 60797)",Motion detected!
7,2024-08-05 12:40:01,"('127.0.0.1', 60802)",Motion detected!
9,2024-08-05 12:40:01,"('127.0.0.1', 60804)",Motion detected!
5,2024-08-05 12:40:01,"('127.0.0.1', 60800)",Motion detected!
8,2024-08-05 12:40:01,"('127.0.0.1', 60803)",Motion detected!
1,2024-08-05 12:40:01,"('127.0.0.1', 60796)",Motion detected!
3,2024-08-05 12:40:02,"('127.0.0.1', 60798)",Motion detected!
2,2024-08-05 12:40:02,"('127.0.0.1', 60797)",Motion detected!
1,2024-08-05 12:40:02,"('127.0.0.1', 60796)",Motion detected!
8,2024-08-05 12:40:02,"('127.0.0.1', 60803)",Motion detected!
6,2024-08-05 12:40:02,"('127.0.0.1', 60801)",Motion detected!

5,2024-08-05 12:40:02,"('127.0.0.1', 60800)",Motion detected!
7,2024-08-05 12:40:02,"('127.0.0.1', 60802)",Motion detected!
4,2024-08-05 12:40:02,"('127.0.0.1', 60799)",Motion detected!
9,2024-08-05 12:40:02,"('127.0.0.1', 60804)",Motion detected!
5,2024-08-05 12:40:03,"('127.0.0.1', 60800)",Motion detected!
8,2024-08-05 12:40:03,"('127.0.0.1', 60803)",Motion detected!
3,2024-08-05 12:40:03,"('127.0.0.1', 60798)",Motion detected!
9,2024-08-05 12:40:03,"('127.0.0.1', 60804)",Motion detected!
10,2024-08-05 12:40:03,"('127.0.0.1', 60805)",Motion detected!
6,2024-08-05 12:40:03,"('127.0.0.1', 60801)",Motion detected!
2,2024-08-05 12:40:03,"('127.0.0.1', 60797)",Motion detected!
1,2024-08-05 12:40:03,"('127.0.0.1', 60796)",Motion detected!
4,2024-08-05 12:40:04,"('127.0.0.1', 60799)",Motion detected!
6,2024-08-05 12:40:04,"('127.0.0.1', 60801)",Motion detected!
9,2024-08-05 12:40:04,"('127.0.0.1', 60804)",Motion detected!
10,2024-08-05 12:40:04,"('127.0.0.1', 60805)",Motion detected!
7,2024-08-05 12:40:04,"('127.0.0.1', 60802)",Motion detected!
1,2024-08-05 12:40:04,"('127.0.0.1', 60796)",Motion detected!
2,2024-08-05 12:40:04,"('127.0.0.1', 60797)",Motion detected!
3,2024-08-05 12:40:04,"('127.0.0.1', 60798)",Motion detected!
8,2024-08-05 12:40:04,"('127.0.0.1', 60803)",Motion detected!
5,2024-08-05 12:40:04,"('127.0.0.1', 60800)",Motion detected!
10,2024-08-05 12:40:05,"('127.0.0.1', 60805)",Motion detected!
5,2024-08-05 12:40:05,"('127.0.0.1', 60800)",Motion detected!
6,2024-08-05 12:40:05,"('127.0.0.1', 60801)",Motion detected!
4,2024-08-05 12:40:05,"('127.0.0.1', 60799)",Motion detected!
2,2024-08-05 12:40:05,"('127.0.0.1', 60797)",Motion detected!
7,2024-08-05 12:40:05,"('127.0.0.1', 60802)",Motion detected!
9,2024-08-05 12:40:05,"('127.0.0.1', 60804)",Motion detected!
3,2024-08-05 12:40:05,"('127.0.0.1', 60798)",Motion detected!
8,2024-08-05 12:40:05,"('127.0.0.1', 60803)",Motion detected!
1,2024-08-05 12:40:05,"('127.0.0.1', 60796)",Motion detected!
1,2024-08-05 12:40:06,"('127.0.0.1', 60796)",Motion detected!
5,2024-08-05 12:40:06,"('127.0.0.1', 60800)",Motion detected!
9,2024-08-05 12:40:06,"('127.0.0.1', 60804)",Motion detected!
10,2024-08-05 12:40:06,"('127.0.0.1', 60805)",Motion detected!
2,2024-08-05 12:40:06,"('127.0.0.1', 60797)",Motion detected!
7,2024-08-05 12:40:06,"('127.0.0.1', 60802)",Motion detected!
4,2024-08-05 12:40:06,"('127.0.0.1', 60799)",Motion detected!
3,2024-08-05 12:40:06,"('127.0.0.1', 60798)",Motion detected!
8,2024-08-05 12:40:06,"('127.0.0.1', 60803)",Motion detected!
5,2024-08-05 12:40:07,"('127.0.0.1', 60800)",Motion detected!
9,2024-08-05 12:40:07,"('127.0.0.1', 60804)",Motion detected!
1,2024-08-05 12:40:07,"('127.0.0.1', 60796)",Motion detected!
8,2024-08-05 12:40:07,"('127.0.0.1', 60803)",Motion detected!
4,2024-08-05 12:40:07,"('127.0.0.1', 60799)",Motion detected!
10,2024-08-05 12:40:07,"('127.0.0.1', 60805)",Motion detected!
6,2024-08-05 12:40:07,"('127.0.0.1', 60801)",Motion detected!
3,2024-08-05 12:40:07,"('127.0.0.1', 60798)",Motion detected!
2,2024-08-05 12:40:07,"('127.0.0.1', 60797)",Motion detected!
7,2024-08-05 12:40:07,"('127.0.0.1', 60802)",Motion detected!
1,2024-08-05 12:40:08,"('127.0.0.1', 60796)",Motion detected!
9,2024-08-05 12:40:08,"('127.0.0.1', 60804)",Motion detected!
5,2024-08-05 12:40:08,"('127.0.0.1', 60800)",Motion detected!
4,2024-08-05 12:40:08,"('127.0.0.1', 60799)",Motion detected!
7,2024-08-05 12:40:08,"('127.0.0.1', 60802)",Motion detected!
8,2024-08-05 12:40:08,"('127.0.0.1', 60803)",Motion detected!
2,2024-08-05 12:40:08,"('127.0.0.1', 60797)",Motion detected!
10,2024-08-05 12:40:08,"('127.0.0.1', 60805)",Motion detected!
5,2024-08-05 12:40:09,"('127.0.0.1', 60800)",Motion detected!
4,2024-08-05 12:40:09,"('127.0.0.1', 60799)",Motion detected!
3,2024-08-05 12:40:09,"('127.0.0.1', 60798)",Motion detected!
7,2024-08-05 12:40:09,"('127.0.0.1', 60802)",Motion detected!
8,2024-08-05 12:40:09,"('127.0.0.1', 60803)",Motion detected!
10,2024-08-05 12:40:09,"('127.0.0.1', 60805)",Motion detected!
6,2024-08-05 12:40:09,"('127.0.0.1', 60801)",Motion detected!
1,2024-08-05 12:40:09,"('127.0.0.1', 60796)",Motion detected!
9,2024-08-05 12:40:09,"('127.0.0.1', 60804)",Motion detected!
2,2024-08-05 12:40:09,"('127.0.0.1', 60797)",Motion detected!
5,2024-08-05 12:40:10,"('127.0.0.1', 60800)",Motion detected!
4,2024-08-05 12:40:10,"('127.0.0.1', 60799)",Motion detected!

3,2024-08-05 12:40:10,"('127.0.0.1', 60798)",Motion detected!
7,2024-08-05 12:40:10,"('127.0.0.1', 60802)",Motion detected!
6,2024-08-05 12:40:10,"('127.0.0.1', 60801)",Motion detected!
9,2024-08-05 12:40:10,"('127.0.0.1', 60804)",Motion detected!
8,2024-08-05 12:40:10,"('127.0.0.1', 60803)",Motion detected!
1,2024-08-05 12:40:10,"('127.0.0.1', 60796)",Motion detected!
2,2024-08-05 12:40:10,"('127.0.0.1', 60797)",Motion detected!
1,2024-08-05 12:40:11,"('127.0.0.1', 60796)",Motion detected!
7,2024-08-05 12:40:11,"('127.0.0.1', 60802)",Motion detected!
8,2024-08-05 12:40:11,"('127.0.0.1', 60803)",Motion detected!
6,2024-08-05 12:40:11,"('127.0.0.1', 60801)",Motion detected!
4,2024-08-05 12:40:11,"('127.0.0.1', 60799)",Motion detected!
2,2024-08-05 12:40:11,"('127.0.0.1', 60797)",Motion detected!
3,2024-08-05 12:40:11,"('127.0.0.1', 60798)",Motion detected!
5,2024-08-05 12:40:11,"('127.0.0.1', 60800)",Motion detected!
10,2024-08-05 12:40:11,"('127.0.0.1', 60805)",Motion detected!
1,2024-08-05 12:40:12,"('127.0.0.1', 60796)",Motion detected!
8,2024-08-05 12:40:12,"('127.0.0.1', 60803)",Motion detected!
2,2024-08-05 12:40:12,"('127.0.0.1', 60797)",Motion detected!
10,2024-08-05 12:40:12,"('127.0.0.1', 60805)",Motion detected!
6,2024-08-05 12:40:12,"('127.0.0.1', 60801)",Motion detected!
5,2024-08-05 12:40:12,"('127.0.0.1', 60800)",Motion detected!
4,2024-08-05 12:40:12,"('127.0.0.1', 60799)",Motion detected!
3,2024-08-05 12:40:12,"('127.0.0.1', 60798)",Motion detected!
9,2024-08-05 12:40:12,"('127.0.0.1', 60804)",Motion detected!
7,2024-08-05 12:40:12,"('127.0.0.1', 60802)",Motion detected!
9,2024-08-05 12:40:13,"('127.0.0.1', 60804)",Motion detected!
8,2024-08-05 12:40:13,"('127.0.0.1', 60803)",Motion detected!
4,2024-08-05 12:40:13,"('127.0.0.1', 60799)",Motion detected!
1,2024-08-05 12:40:13,"('127.0.0.1', 60796)",Motion detected!
2,2024-08-05 12:40:13,"('127.0.0.1', 60797)",Motion detected!
7,2024-08-05 12:40:13,"('127.0.0.1', 60802)",Motion detected!
6,2024-08-05 12:40:13,"('127.0.0.1', 60801)",Motion detected!
3,2024-08-05 12:40:13,"('127.0.0.1', 60798)",Motion detected!
10,2024-08-05 12:40:13,"('127.0.0.1', 60805)",Motion detected!
5,2024-08-05 12:40:14,"('127.0.0.1', 60800)",Motion detected!
1,2024-08-05 12:40:14,"('127.0.0.1', 60796)",Motion detected!
8,2024-08-05 12:40:14,"('127.0.0.1', 60803)",Motion detected!
9,2024-08-05 12:40:14,"('127.0.0.1', 60804)",Motion detected!
4,2024-08-05 12:40:14,"('127.0.0.1', 60799)",Motion detected!
2,2024-08-05 12:40:14,"('127.0.0.1', 60797)",Motion detected!
6,2024-08-05 12:40:14,"('127.0.0.1', 60801)",Motion detected!
3,2024-08-05 12:40:14,"('127.0.0.1', 60798)",Motion detected!
10,2024-08-05 12:40:14,"('127.0.0.1', 60805)",Motion detected!
9,2024-08-05 12:40:15,"('127.0.0.1', 60804)",Motion detected!
8,2024-08-05 12:40:15,"('127.0.0.1', 60803)",Motion detected!
4,2024-08-05 12:40:15,"('127.0.0.1', 60799)",Motion detected!
7,2024-08-05 12:40:15,"('127.0.0.1', 60802)",Motion detected!
3,2024-08-05 12:40:15,"('127.0.0.1', 60798)",Motion detected!
2,2024-08-05 12:40:15,"('127.0.0.1', 60797)",Motion detected!
6,2024-08-05 12:40:15,"('127.0.0.1', 60801)",Motion detected!
5,2024-08-05 12:40:15,"('127.0.0.1', 60800)",Motion detected!
1,2024-08-05 12:40:15,"('127.0.0.1', 60796)",Motion detected!
10,2024-08-05 12:40:15,"('127.0.0.1', 60805)",Motion detected!
3,2024-08-05 12:40:16,"('127.0.0.1', 60798)",Motion detected!
1,2024-08-05 12:40:16,"('127.0.0.1', 60796)",Motion detected!
8,2024-08-05 12:40:16,"('127.0.0.1', 60803)",Motion detected!
9,2024-08-05 12:40:16,"('127.0.0.1', 60804)",Motion detected!
7,2024-08-05 12:40:16,"('127.0.0.1', 60802)",Motion detected!
6,2024-08-05 12:40:16,"('127.0.0.1', 60801)",Motion detected!
10,2024-08-05 12:40:16,"('127.0.0.1', 60805)",Motion detected!
5,2024-08-05 12:40:16,"('127.0.0.1', 60800)",Motion detected!
2,2024-08-05 12:40:16,"('127.0.0.1', 60797)",Motion detected!
8,2024-08-05 12:40:17,"('127.0.0.1', 60803)",Motion detected!
5,2024-08-05 12:40:17,"('127.0.0.1', 60800)",Motion detected!
9,2024-08-05 12:40:17,"('127.0.0.1', 60804)",Motion detected!
1,2024-08-05 12:40:17,"('127.0.0.1', 60796)",Motion detected!
6,2024-08-05 12:40:17,"('127.0.0.1', 60801)",Motion detected!
7,2024-08-05 12:40:17,"('127.0.0.1', 60802)",Motion detected!
2,2024-08-05 12:40:17,"('127.0.0.1', 60797)",Motion detected!
3,2024-08-05 12:40:17,"('127.0.0.1', 60798)",Motion detected!
10,2024-08-05 12:40:17,"('127.0.0.1', 60805)",Motion detected!
10,2024-08-05 12:40:18,"('127.0.0.1', 60805)",Motion detected!
9,2024-08-05 12:40:18,"('127.0.0.1', 60804)",Motion detected!
8,2024-08-05 12:40:18,"('127.0.0.1', 60803)",Motion detected!
7,2024-08-05 12:40:18,"('127.0.0.1', 60802)",Motion detected!
6,2024-08-05 12:40:18,"('127.0.0.1', 60801)",Motion detected!
2,2024-08-05 12:40:18,"('127.0.0.1', 60797)",Motion detected!
4,2024-08-05 12:40:18,"('127.0.0.1', 60799)",Motion detected!
5,2024-08-05 12:40:18,"('127.0.0.1', 60800)",Motion detected!
1,2024-08-05 12:40:18,"('127.0.0.1', 60796)",Motion detected!
3,2024-08-05 12:40:19,"('127.0.0.1', 60798)",Motion detected!
2,2024-08-05 12:40:19,"('127.0.0.1', 60797)",Motion detected!
8,2024-08-05 12:40:19,"('127.0.0.1', 60803)",Motion detected!
9,2024-08-05 12:40:19,"('127.0.0.1', 60804)",Motion detected!
5,2024-08-05 12:40:19,"('127.0.0.1', 60800)",Motion detected!
6,2024-08-05 12:40:19,"('127.0.0.1', 60801)",Motion detected!
10,2024-08-05 12:40:19,"('127.0.0.1', 60805)",Motion detected!
1,2024-08-05 12:40:19,"('127.0.0.1', 60796)",Motion detected!
4,2024-08-05 12:40:19,"('127.0.0.1', 60799)",Motion detected!
7,2024-08-05 12:40:19,"('127.0.0.1', 60802)",Motion detected!
8,2024-08-05 12:40:20,"('127.0.0.1', 60803)",Motion detected!
10,2024-08-05 12:40:20,"('127.0.0.1', 60805)",Motion detected!
4,2024-08-05 12:40:20,"('127.0.0.1', 60799)",Motion detected!
2,2024-08-05 12:40:20,"('127.0.0.1', 60797)",Motion detected!
6,2024-08-05 12:40:20,"('127.0.0.1', 60801)",Motion detected!
7,2024-08-05 12:40:20,"('127.0.0.1', 60802)",Motion detected!
9,2024-08-05 12:40:20,"('127.0.0.1', 60804)",Motion detected!
3,2024-08-05 12:40:20,"('127.0.0.1', 60798)",Motion detected!
1,2024-08-05 12:40:20,"('127.0.0.1', 60796)",Motion detected!
7,2024-08-05 12:40:21,"('127.0.0.1', 60802)",Motion detected!
4,2024-08-05 12:40:21,"('127.0.0.1', 60799)",Motion detected!
8,2024-08-05 12:40:21,"('127.0.0.1', 60803)",Motion detected!
9,2024-08-05 12:40:21,"('127.0.0.1', 60804)",Motion detected!
5,2024-08-05 12:40:21,"('127.0.0.1', 60800)",Motion detected!
6,2024-08-05 12:40:21,"('127.0.0.1', 60801)",Motion detected!
2,2024-08-05 12:40:21,"('127.0.0.1', 60797)",Motion detected!
1,2024-08-05 12:40:21,"('127.0.0.1', 60796)",Motion detected!
3,2024-08-05 12:40:21,"('127.0.0.1', 60798)",Motion detected!
10,2024-08-05 12:40:21,"('127.0.0.1', 60805)",Motion detected!
6,2024-08-05 12:40:22,"('127.0.0.1', 60801)",Motion detected!
1,2024-08-05 12:40:22,"('127.0.0.1', 60796)",Motion detected!
4,2024-08-05 12:40:22,"('127.0.0.1', 60799)",Motion detected!
10,2024-08-05 12:40:22,"('127.0.0.1', 60805)",Motion detected!
5,2024-08-05 12:40:22,"('127.0.0.1', 60800)",Motion detected!
7,2024-08-05 12:40:22,"('127.0.0.1', 60802)",Motion detected!
3,2024-08-05 12:40:22,"('127.0.0.1', 60798)",Motion detected!
9,2024-08-05 12:40:22,"('127.0.0.1', 60804)",Motion detected!
8,2024-08-05 12:40:22,"('127.0.0.1', 60803)",Motion detected!
2,2024-08-05 12:40:22,"('127.0.0.1', 60797)",Motion detected!
1,2024-08-05 12:40:23,"('127.0.0.1', 60796)",Motion detected!
7,2024-08-05 12:40:23,"('127.0.0.1', 60802)",Motion detected!

9,2024-08-05 12:40:23,"('127.0.0.1', 60804)",Motion detected!
8,2024-08-05 12:40:23,"('127.0.0.1', 60803)",Motion detected!
5,2024-08-05 12:40:23,"('127.0.0.1', 60800)",Motion detected!
6,2024-08-05 12:40:23,"('127.0.0.1', 60801)",Motion detected!
4,2024-08-05 12:40:23,"('127.0.0.1', 60799)",Motion detected!
2,2024-08-05 12:40:23,"('127.0.0.1', 60797)",Motion detected!
3,2024-08-05 12:40:23,"('127.0.0.1', 60798)",Motion detected!
4,2024-08-05 12:40:24,"('127.0.0.1', 60799)",Motion detected!
7,2024-08-05 12:40:24,"('127.0.0.1', 60802)",Motion detected!
8,2024-08-05 12:40:24,"('127.0.0.1', 60803)",Motion detected!
1,2024-08-05 12:40:24,"('127.0.0.1', 60796)",Motion detected!
10,2024-08-05 12:40:24,"('127.0.0.1', 60805)",Motion detected!
6,2024-08-05 12:40:24,"('127.0.0.1', 60801)",Motion detected!
3,2024-08-05 12:40:24,"('127.0.0.1', 60798)",Motion detected!
9,2024-08-05 12:40:24,"('127.0.0.1', 60804)",Motion detected!
5,2024-08-05 12:40:24,"('127.0.0.1', 60800)",Motion detected!
2,2024-08-05 12:40:24,"('127.0.0.1', 60797)",Motion detected!
1,2024-08-05 12:40:25,"('127.0.0.1', 60796)",Motion detected!
4,2024-08-05 12:40:25,"('127.0.0.1', 60799)",Motion detected!

6,2024-08-05 12:40:25,"('127.0.0.1', 60801)",Motion detected!
9,2024-08-05 12:40:25,"('127.0.0.1', 60804)",Motion detected!
6,2024-08-05 12:40:26,"('127.0.0.1', 60801)",Motion detected!
9,2024-08-05 12:40:26,"('127.0.0.1', 60804)",Motion detected!
10,2024-08-05 12:40:26,"('127.0.0.1', 60805)",Motion detected!
4,2024-08-05 12:40:26,"('127.0.0.1', 60799)",Motion detected!
2,2024-08-05 12:40:26,"('127.0.0.1', 60797)",Motion detected!
1,2024-08-05 12:40:26,"('127.0.0.1', 60796)",Motion detected!
3,2024-08-05 12:40:26,"('127.0.0.1', 60798)",Motion detected!
8,2024-08-05 12:40:26,"('127.0.0.1', 60803)",Motion detected!
7,2024-08-05 12:40:26,"('127.0.0.1', 60802)",Motion detected!
6,2024-08-05 12:40:27,"('127.0.0.1', 60801)",Motion detected!
9,2024-08-05 12:40:27,"('127.0.0.1', 60804)",Motion detected!
7,2024-08-05 12:40:27,"('127.0.0.1', 60802)",Motion detected!
2,2024-08-05 12:40:27,"('127.0.0.1', 60797)",Motion detected!
5,2024-08-05 12:40:27,"('127.0.0.1', 60800)",Motion detected!
8,2024-08-05 12:40:27,"('127.0.0.1', 60803)",Motion detected!
1,2024-08-05 12:40:27,"('127.0.0.1', 60796)",Motion detected!
4,2024-08-05 12:40:27,"('127.0.0.1', 60799)",Motion detected!
3,2024-08-05 12:40:27,"('127.0.0.1', 60798)",Motion detected!
10,2024-08-05 12:40:27,"('127.0.0.1', 60805)",Motion detected!
10,2024-08-05 12:40:28,"('127.0.0.1', 60805)",Motion detected!
2,2024-08-05 12:40:28,"('127.0.0.1', 60797)",Motion detected!
7,2024-08-05 12:40:28,"('127.0.0.1', 60802)",Motion detected!
9,2024-08-05 12:40:28,"('127.0.0.1', 60804)",Motion detected!
6,2024-08-05 12:40:28,"('127.0.0.1', 60801)",Motion detected!
5,2024-08-05 12:40:28,"('127.0.0.1', 60800)",Motion detected!
1,2024-08-05 12:40:28,"('127.0.0.1', 60796)",Motion detected!
4,2024-08-05 12:40:28,"('127.0.0.1', 60799)",Motion detected!
8,2024-08-05 12:40:28,"('127.0.0.1', 60803)",Motion detected!
7,2024-08-05 12:40:29,"('127.0.0.1', 60802)",Motion detected!
5,2024-08-05 12:40:29,"('127.0.0.1', 60800)",Motion detected!
2,2024-08-05 12:40:29,"('127.0.0.1', 60797)",Motion detected!
9,2024-08-05 12:40:29,"('127.0.0.1', 60804)",Motion detected!
3,2024-08-05 12:40:29,"('127.0.0.1', 60798)",Motion detected!
4,2024-08-05 12:40:29,"('127.0.0.1', 60799)",Motion detected!
10,2024-08-05 12:40:29,"('127.0.0.1', 60805)",Motion detected!
6,2024-08-05 12:40:29,"('127.0.0.1', 60801)",Motion detected!
8,2024-08-05 12:40:29,"('127.0.0.1', 60803)",Motion detected!
1,2024-08-05 12:40:29,"('127.0.0.1', 60796)",Motion detected!
5,2024-08-05 12:40:30,"('127.0.0.1', 60800)",Motion detected!
4,2024-08-05 12:40:30,"('127.0.0.1', 60799)",Motion detected!
6,2024-08-05 12:40:30,"('127.0.0.1', 60801)",Motion detected!
8,2024-08-05 12:40:30,"('127.0.0.1', 60803)",Motion detected!
10,2024-08-05 12:40:30,"('127.0.0.1', 60805)",Motion detected!
2,2024-08-05 12:40:30,"('127.0.0.1', 60797)",Motion detected!
7,2024-08-05 12:40:30,"('127.0.0.1', 60802)",Motion detected!
1,2024-08-05 12:40:30,"('127.0.0.1', 60796)",Motion detected!
9,2024-08-05 12:40:30,"('127.0.0.1', 60804)",Motion detected!
1,2024-08-05 12:40:31,"('127.0.0.1', 60796)",Motion detected!
5,2024-08-05 12:40:31,"('127.0.0.1', 60800)",Motion detected!
4,2024-08-05 12:40:31,"('127.0.0.1', 60799)",Motion detected!
10,2024-08-05 12:40:31,"('127.0.0.1', 60805)",Motion detected!
8,2024-08-05 12:40:31,"('127.0.0.1', 60803)",Motion detected!
7,2024-08-05 12:40:31,"('127.0.0.1', 60802)",Motion detected!
9,2024-08-05 12:40:31,"('127.0.0.1', 60804)",Motion detected!
6,2024-08-05 12:40:31,"('127.0.0.1', 60801)",Motion detected!
2,2024-08-05 12:40:31,"('127.0.0.1', 60797)",Motion detected!
3,2024-08-05 12:40:31,"('127.0.0.1', 60798)",Motion detected!
1,2024-08-05 12:40:32,"('127.0.0.1', 60796)",Motion detected!
5,2024-08-05 12:40:32,"('127.0.0.1', 60800)",Motion detected!
4,2024-08-05 12:40:32,"('127.0.0.1', 60799)",Motion detected!
8,2024-08-05 12:40:32,"('127.0.0.1', 60803)",Motion detected!
10,2024-08-05 12:40:32,"('127.0.0.1', 60805)",Motion detected!
3,2024-08-05 12:40:32,"('127.0.0.1', 60798)",Motion detected!
6,2024-08-05 12:40:32,"('127.0.0.1', 60801)",Motion detected!
7,2024-08-05 12:40:32,"('127.0.0.1', 60802)",Motion detected!
2,2024-08-05 12:40:32,"('127.0.0.1', 60797)",Motion detected!
4,2024-08-05 12:40:33,"('127.0.0.1', 60799)",Motion detected!
1,2024-08-05 12:40:33,"('127.0.0.1', 60796)",Motion detected!
9,2024-08-05 12:40:33,"('127.0.0.1', 60804)",Motion detected!
5,2024-08-05 12:40:33,"('127.0.0.1', 60800)",Motion detected!
3,2024-08-05 12:40:33,"('127.0.0.1', 60798)",Motion detected!
10,2024-08-05 12:40:33,"('127.0.0.1', 60805)",Motion detected!
2,2024-08-05 12:40:33,"('127.0.0.1', 60797)",Motion detected!
7,2024-08-05 12:40:33,"('127.0.0.1', 60802)",Motion detected!
6,2024-08-05 12:40:33,"('127.0.0.1', 60801)",Motion detected!
5,2024-08-05 12:40:34,"('127.0.0.1', 60800)",Motion detected!
9,2024-08-05 12:40:34,"('127.0.0.1', 60804)",Motion detected!
8,2024-08-05 12:40:34,"('127.0.0.1', 60803)",Motion detected!
1,2024-08-05 12:40:34,"('127.0.0.1', 60796)",Motion detected!
7,2024-08-05 12:40:34,"('127.0.0.1', 60802)",Motion detected!
6,2024-08-05 12:40:34,"('127.0.0.1', 60801)",Motion detected!
10,2024-08-05 12:40:34,"('127.0.0.1', 60805)",Motion detected!
2,2024-08-05 12:40:34,"('127.0.0.1', 60797)",Motion detected!
3,2024-08-05 12:40:34,"('127.0.0.1', 60798)",Motion detected!
1,2024-08-05 12:40:35,"('127.0.0.1', 60796)",Motion detected!
9,2024-08-05 12:40:35,"('127.0.0.1', 60804)",Motion detected!
4,2024-08-05 12:40:35,"('127.0.0.1', 60799)",Motion detected!
8,2024-08-05 12:40:35,"('127.0.0.1', 60803)",Motion detected!
5,2024-08-05 12:40:35,"('127.0.0.1', 60800)",Motion detected!
2,2024-08-05 12:40:35,"('127.0.0.1', 60797)",Motion detected!

7,2024-08-05 12:40:35,"('127.0.0.1', 60802)",Motion detected!
6,2024-08-05 12:40:35,"('127.0.0.1', 60801)",Motion detected!
1,2024-08-05 12:40:36,"('127.0.0.1', 60796)",Motion detected!
9,2024-08-05 12:40:36,"('127.0.0.1', 60804)",Motion detected!
5,2024-08-05 12:40:36,"('127.0.0.1', 60800)",Motion detected!
8,2024-08-05 12:40:36,"('127.0.0.1', 60803)",Motion detected!
4,2024-08-05 12:40:36,"('127.0.0.1', 60799)",Motion detected!
10,2024-08-05 12:40:36,"('127.0.0.1', 60805)",Motion detected!
2,2024-08-05 12:40:36,"('127.0.0.1', 60797)",Motion detected!
6,2024-08-05 12:40:36,"('127.0.0.1', 60801)",Motion detected!
7,2024-08-05 12:40:36,"('127.0.0.1', 60802)",Motion detected!
5,2024-08-05 12:40:37,"('127.0.0.1', 60800)",Motion detected!
9,2024-08-05 12:40:37,"('127.0.0.1', 60804)",Motion detected!
1,2024-08-05 12:40:37,"('127.0.0.1', 60796)",Motion detected!
8,2024-08-05 12:40:37,"('127.0.0.1', 60803)",Motion detected!
10,2024-08-05 12:40:37,"('127.0.0.1', 60805)",Motion detected!
2,2024-08-05 12:40:37,"('127.0.0.1', 60797)",Motion detected!
7,2024-08-05 12:40:37,"('127.0.0.1', 60802)",Motion detected!
6,2024-08-05 12:40:37,"('127.0.0.1', 60801)",Motion detected!
1,2024-08-05 12:40:38,"('127.0.0.1', 60796)",Motion detected!
4,2024-08-05 12:40:38,"('127.0.0.1', 60799)",Motion detected!
9,2024-08-05 12:40:38,"('127.0.0.1', 60804)",Motion detected!
8,2024-08-05 12:40:38,"('127.0.0.1', 60803)",Motion detected!
5,2024-08-05 12:40:38,"('127.0.0.1', 60800)",Motion detected!
2,2024-08-05 12:40:38,"('127.0.0.1', 60797)",Motion detected!
10,2024-08-05 12:40:38,"('127.0.0.1', 60805)",Motion detected!
6,2024-08-05 12:40:38,"('127.0.0.1', 60801)",Motion detected!
3,2024-08-05 12:40:38,"('127.0.0.1', 60798)",Motion detected!
7,2024-08-05 12:40:38,"('127.0.0.1', 60802)",Motion detected!
5,2024-08-05 12:40:39,"('127.0.0.1', 60800)",Motion detected!
8,2024-08-05 12:40:39,"('127.0.0.1', 60803)",Motion detected!
9,2024-08-05 12:40:39,"('127.0.0.1', 60804)",Motion detected!
2,2024-08-05 12:40:39,"('127.0.0.1', 60797)",Motion detected!
3,2024-08-05 12:40:39,"('127.0.0.1', 60798)",Motion detected!
10,2024-08-05 12:40:39,"('127.0.0.1', 60805)",Motion detected!
7,2024-08-05 12:40:39,"('127.0.0.1', 60802)",Motion detected!
6,2024-08-05 12:40:39,"('127.0.0.1', 60801)",Motion detected!
1,2024-08-05 12:40:40,"('127.0.0.1', 60796)",Motion detected!
8,2024-08-05 12:40:40,"('127.0.0.1', 60803)",Motion detected!
9,2024-08-05 12:40:40,"('127.0.0.1', 60804)",Motion detected!
5,2024-08-05 12:40:40,"('127.0.0.1', 60800)",Motion detected!
4,2024-08-05 12:40:40,"('127.0.0.1', 60799)",Motion detected!
10,2024-08-05 12:40:40,"('127.0.0.1', 60805)",Motion detected!
6,2024-08-05 12:40:40,"('127.0.0.1', 60801)",Motion detected!
2,2024-08-05 12:40:40,"('127.0.0.1', 60797)",Motion detected!
7,2024-08-05 12:40:40,"('127.0.0.1', 60802)",Motion detected!
3,2024-08-05 12:40:40,"('127.0.0.1', 60798)",Motion detected!
5,2024-08-05 12:40:41,"('127.0.0.1', 60800)",Motion detected!
1,2024-08-05 12:40:41,"('127.0.0.1', 60796)",Motion detected!
8,2024-08-05 12:40:41,"('127.0.0.1', 60803)",Motion detected!
4,2024-08-05 12:40:41,"('127.0.0.1', 60799)",Motion detected!
9,2024-08-05 12:40:41,"('127.0.0.1', 60804)",Motion detected!
6,2024-08-05 12:40:41,"('127.0.0.1', 60801)",Motion detected!
2,2024-08-05 12:40:41,"('127.0.0.1', 60797)",Motion detected!
7,2024-08-05 12:40:41,"('127.0.0.1', 60802)",Motion detected!
3,2024-08-05 12:40:41,"('127.0.0.1', 60798)",Motion detected!
10,2024-08-05 12:40:41,"('127.0.0.1', 60805)",Motion detected!
1,2024-08-05 12:40:42,"('127.0.0.1', 60796)",Motion detected!
4,2024-08-05 12:40:42,"('127.0.0.1', 60799)",Motion detected!
5,2024-08-05 12:40:42,"('127.0.0.1', 60800)",Motion detected!
8,2024-08-05 12:40:42,"('127.0.0.1', 60803)",Motion detected!
9,2024-08-05 12:40:42,"('127.0.0.1', 60804)",Motion detected!
3,2024-08-05 12:40:42,"('127.0.0.1', 60798)",Motion detected!
2,2024-08-05 12:40:42,"('127.0.0.1', 60797)",Motion detected!
6,2024-08-05 12:40:42,"('127.0.0.1', 60801)",Motion detected!
7,2024-08-05 12:40:42,"('127.0.0.1', 60802)",Motion detected!
10,2024-08-05 12:40:42,"('127.0.0.1', 60805)",Motion detected!
5,2024-08-05 12:40:43,"('127.0.0.1', 60800)",Motion detected!
1,2024-08-05 12:40:43,"('127.0.0.1', 60796)",Motion detected!
9,2024-08-05 12:40:43,"('127.0.0.1', 60804)",Motion detected!
8,2024-08-05 12:40:43,"('127.0.0.1', 60803)",Motion detected!
4,2024-08-05 12:40:43,"('127.0.0.1', 60799)",Motion detected!
7,2024-08-05 12:40:43,"('127.0.0.1', 60802)",Motion detected!
6,2024-08-05 12:40:43,"('127.0.0.1', 60801)",Motion detected!
3,2024-08-05 12:40:43,"('127.0.0.1', 60798)",Motion detected!
10,2024-08-05 12:40:43,"('127.0.0.1', 60805)",Motion detected!
2,2024-08-05 12:40:43,"('127.0.0.1', 60797)",Motion detected!
1,2024-08-05 12:40:44,"('127.0.0.1', 60796)",Motion detected!
5,2024-08-05 12:40:44,"('127.0.0.1', 60800)",Motion detected!
8,2024-08-05 12:40:44,"('127.0.0.1', 60803)",Motion detected!
4,2024-08-05 12:40:44,"('127.0.0.1', 60799)",Motion detected!
3,2024-08-05 12:40:44,"('127.0.0.1', 60798)",Motion detected!
10,2024-08-05 12:40:44,"('127.0.0.1', 60805)",Motion detected!
6,2024-08-05 12:40:44,"('127.0.0.1', 60801)",Motion detected!
2,2024-08-05 12:40:44,"('127.0.0.1', 60797)",Motion detected!
7,2024-08-05 12:40:44,"('127.0.0.1', 60802)",Motion detected!
8,2024-08-05 12:40:45,"('127.0.0.1', 60803)",Motion detected!
5,2024-08-05 12:40:45,"('127.0.0.1', 60800)",Motion detected!
4,2024-08-05 12:40:45,"('127.0.0.1', 60799)",Motion detected!
2,2024-08-05 12:40:45,"('127.0.0.1', 60797)",Motion detected!
7,2024-08-05 12:40:45,"('127.0.0.1', 60802)",Motion detected!
3,2024-08-05 12:40:45,"('127.0.0.1', 60798)",Motion detected!
10,2024-08-05 12:40:45,"('127.0.0.1', 60805)",Motion detected!
6,2024-08-05 12:40:45,"('127.0.0.1', 60801)",Motion detected!
8,2024-08-05 12:40:46,"('127.0.0.1', 60803)",Motion detected!
9,2024-08-05 12:40:46,"('127.0.0.1', 60804)",Motion detected!
1,2024-08-05 12:40:46,"('127.0.0.1', 60796)",Motion detected!
4,2024-08-05 12:40:46,"('127.0.0.1', 60799)",Motion detected!
5,2024-08-05 12:40:46,"('127.0.0.1', 60800)",Motion detected!
7,2024-08-05 12:40:46,"('127.0.0.1', 60802)",Motion detected!
10,2024-08-05 12:40:46,"('127.0.0.1', 60805)",Motion detected!
3,2024-08-05 12:40:46,"('127.0.0.1', 60798)",Motion detected!
6,2024-08-05 12:40:46,"('127.0.0.1', 60801)",Motion detected!
2,2024-08-05 12:40:46,"('127.0.0.1', 60797)",Motion detected!
1,2024-08-05 12:40:47,"('127.0.0.1', 60796)",Motion detected!
9,2024-08-05 12:40:47,"('127.0.0.1', 60804)",Motion detected!
5,2024-08-05 12:40:47,"('127.0.0.1', 60800)",Motion detected!
8,2024-08-05 12:40:47,"('127.0.0.1', 60803)",Motion detected!
4,2024-08-05 12:40:47,"('127.0.0.1', 60799)",Motion detected!
7,2024-08-05 12:40:47,"('127.0.0.1', 60802)",Motion detected!
10,2024-08-05 12:40:47,"('127.0.0.1', 60805)",Motion detected!
2,2024-08-05 12:40:47,"('127.0.0.1', 60797)",Motion detected!
6,2024-08-05 12:40:47,"('127.0.0.1', 60801)",Motion detected!
3,2024-08-05 12:40:47,"('127.0.0.1', 60798)",Motion detected!
1,2024-08-05 12:48:43,"('192.168.1.5', 58681)",Motion detected!
1,2024-08-05 12:48:51,"('192.168.1.5', 58681)",Motion detected!
0,2024-08-05 12:50:32,"('192.168.1.5', 52375)",Motion detected!
0,2024-08-05 12:51:12,"('192.168.1.5', 52375)",Motion detected!
0,2024-08-05 12:51:36,"('192.168.1.5', 52375)",Motion detected!
0,2024-08-05 13:00:46,"('192.168.1.5', 52375)",Motion detected!
0,2024-08-05 13:01:58,"('192.168.1.5', 52375)",Motion detected!
0,2024-08-05 13:02:18,"('192.168.1.5', 52375)",Motion detected!
0,2024-08-05 13:02:28,"('192.168.1.5', 52375)",Motion detected!
0,2024-08-05 13:05:26,"('192.168.1.5', 52375)",Motion detected!
0,2024-08-05 13:48:26,"('192.168.1.5', 52375)",Motion detected!
0,2024-08-05 13:48:36,"('192.168.1.5', 52375)",Motion detected!
0,2024-08-05 13:49:08,"('192.168.1.5', 52375)",Motion detected!
